,X,Y,W,H,Xc,Yc,R
0,227.0,82.0,54.0,198.0,254.0,181.0,99.0
1,226.0,82.0,54.0,197.0,253.0,180.0,98.0
2,226.0,81.0,53.0,197.0,252.0,179.0,98.0
3,226.0,81.0,52.0,196.0,252.0,179.0,98.0
4,225.0,81.0,52.0,195.0,251.0,178.0,97.0
5,225.0,81.0,51.0,194.0,250.0,178.0,97.0
6,224.0,81.0,51.0,193.0,249.0,177.0,96.0
7,224.0,81.0,51.0,192.0,249.0,177.0,96.0
8,224.0,81.0,50.0,192.0,249.0,177.0,96.0
9,223.0,81.0,51.0,192.0,248.0,177.0,96.0
10,223.0,81.0,50.0,191.0,248.0,176.0,95.0
11,223.0,81.0,50.0,191.0,248.0,176.0,95.0
12,223.0,81.0,49.0,191.0,247.0,176.0,95.0
13,223.0,81.0,49.0,190.0,247.0,176.0,95.0
14,222.0,81.0,49.0,190.0,246.0,176.0,95.0
15,222.0,81.0,49.0,190.0,246.0,176.0,95.0
16,222.0,81.0,48.0,189.0,246.0,175.0,94.0
17,221.0,81.0,50.0,190.0,246.0,176.0,95.0
18,219.0,82.0,52.0,189.0,245.0,176.0,94.0
19,218.0,82.0,54.0,189.0,245.0,176.0,94.0
20,217.0,82.0,55.0,189.0,244.0,176.0,94.0
21,213.0,84.0,61.0,186.0,243.0,177.0,93.0
22,209.0,85.0,66.0,184.0,242.0,177.0,92.0
23,206.0,85.0,70.0,184.0,241.0,177.0,92.0
24,203.0,86.0,74.0,183.0,240.0,177.0,91.0
25,201.0,86.0,76.0,182.0,239.0,177.0,91.0
26,199.0,87.0,79.0,180.0,238.0,177.0,90.0
27,197.0,88.0,82.0,178.0,238.0,177.0,89.0
28,195.0,88.0,84.0,178.0,237.0,177.0,89.0
29,193.0,89.0,87.0,176.0,236.0,177.0,88.0
30,190.0,90.0,91.0,174.0,235.0,177.0,87.0
31,188.0,91.0,93.0,173.0,234.0,177.0,86.0
32,186.0,91.0,96.0,172.0,234.0,177.0,86.0
33,184.0,92.0,99.0,170.0,233.0,177.0,85.0
34,182.0,93.0,102.0,168.0,233.0,177.0,84.0
35,180.0,93.0,104.0,167.0,232.0,176.0,83.0
36,178.0,94.0,107.0,165.0,231.0,176.0,82.0
37,176.0,95.0,110.0,163.0,231.0,176.0,81.0
38,174.0,95.0,113.0,163.0,230.0,176.0,81.0
39,172.0,96.0,116.0,161.0,230.0,176.0,80.0
40,170.0,97.0,118.0,159.0,229.0,176.0,79.0
41,168.0,98.0,121.0,157.0,228.0,176.0,78.0
42,166.0,98.0,124.0,156.0,228.0,176.0,78.0
43,164.0,99.0,127.0,154.0,227.0,176.0,77.0
44,162.0,100.0,129.0,152.0,226.0,176.0,76.0
45,161.0,102.0,132.0,149.0,227.0,176.0,74.0
46,160.0,104.0,134.0,147.0,227.0,177.0,73.0
47,159.0,106.0,137.0,144.0,227.0,178.0,72.0
48,157.0,108.0,140.0,141.0,227.0,178.0,70.0
49,156.0,110.0,142.0,139.0,227.0,179.0,71.0
50,155.0,112.0,145.0,136.0,227.0,180.0,72.0
51,154.0,114.0,147.0,134.0,227.0,181.0,73.0
52,152.0,115.0,151.0,132.0,227.0,181.0,75.0
53,151.0,117.0,153.0,130.0,227.0,182.0,76.0
54,150.0,119.0,155.0,127.0,227.0,182.0,77.0
55,149.0,121.0,158.0,124.0,228.0,183.0,79.0
56,148.0,123.0,160.0,122.0,228.0,184.0,80.0
57,146.0,125.0,163.0,119.0,227.0,184.0,81.0
58,145.0,127.0,166.0,117.0,228.0,185.0,83.0
59,144.0,128.0,167.0,115.0,227.0,185.0,83.0
60,143.0,130.0,169.0,112.0,227.0,186.0,84.0
61,142.0,131.0,171.0,110.0,227.0,186.0,85.0
62,141.0,132.0,172.0,108.0,227.0,186.0,86.0
63,139.0,133.0,175.0,106.0,226.0,186.0,87.0
64,138.0,134.0,176.0,104.0,226.0,186.0,88.0
65,137.0,135.0,178.0,102.0,226.0,186.0,89.0
66,136.0,137.0,180.0,99.0,226.0,186.0,90.0
67,135.0,138.0,181.0,97.0,225.0,186.0,90.0
68,134.0,139.0,183.0,95.0,225.0,186.0,91.0
69,132.0,140.0,185.0,93.0,224.0,186.0,92.0
70,131.0,141.0,187.0,91.0,224.0,186.0,93.0
71,130.0,142.0,189.0,89.0,224.0,186.0,94.0
72,129.0,144.0,190.0,87.0,224.0,187.0,95.0
73,128.0,145.0,191.0,85.0,223.0,187.0,95.0
74,128.0,146.0,192.0,83.0,224.0,187.0,96.0
75,128.0,147.0,192.0,81.0,224.0,187.0,96.0
76,127.0,148.0,193.0,79.0,223.0,187.0,96.0
77,127.0,149.0,194.0,77.0,224.0,187.0,97.0
78,126.0,150.0,195.0,75.0,223.0,187.0,97.0
79,126.0,151.0,195.0,73.0,223.0,187.0,97.0
80,125.0,153.0,197.0,70.0,223.0,188.0,98.0
81,125.0,154.0,197.0,69.0,223.0,188.0,98.0
82,125.0,155.0,197.0,67.0,223.0,188.0,98.0
83,124.0,156.0,199.0,65.0,223.0,188.0,99.0
84,124.0,157.0,199.0,63.0,223.0,188.0,99.0
85,123.0,158.0,200.0,61.0,223.0,188.0,100.0
86,123.0,159.0,200.0,59.0,223.0,188.0,100.0
87,123.0,160.0,201.0,58.0,223.0,189.0,100.0
88,122.0,160.0,202.0,59.0,223.0,189.0,101.0
89,122.0,161.0,202.0,58.0,223.0,190.0,101.0
90,122.0,161.0,203.0,58.0,223.0,190.0,101.0
91,122.0,161.0,203.0,58.0,223.0,190.0,101.0
92,122.0,162.0,203.0,57.0,223.0,190.0,101.0
93,121.0,162.0,205.0,57.0,223.0,190.0,102.0
94,121.0,163.0,205.0,56.0,223.0,191.0,102.0
95,121.0,163.0,205.0,57.0,223.0,191.0,102.0
96,121.0,163.0,206.0,57.0,224.0,191.0,103.0
97,121.0,162.0,206.0,57.0,224.0,190.0,103.0
98,121.0,162.0,205.0,57.0,223.0,190.0,102.0
99,121.0,161.0,205.0,57.0,223.0,189.0,102.0
100,121.0,160.0,205.0,58.0,223.0,189.0,102.0
101,121.0,159.0,204.0,58.0,223.0,188.0,102.0
102,122.0,158.0,203.0,58.0,223.0,187.0,101.0
103,122.0,158.0,203.0,58.0,223.0,187.0,101.0
104,122.0,157.0,203.0,58.0,223.0,186.0,101.0
105,122.0,156.0,202.0,59.0,223.0,185.0,101.0
106,122.0,155.0,202.0,59.0,223.0,184.0,101.0
107,122.0,154.0,202.0,60.0,223.0,184.0,101.0
108,122.0,153.0,201.0,60.0,222.0,183.0,100.0
109,123.0,153.0,201.0,60.0,223.0,183.0,100.0
110,123.0,153.0,201.0,60.0,223.0,183.0,100.0
111,123.0,152.0,201.0,60.0,223.0,182.0,100.0
112,124.0,152.0,200.0,60.0,224.0,182.0,100.0
113,124.0,152.0,200.0,60.0,224.0,182.0,100.0
114,125.0,151.0,200.0,60.0,225.0,181.0,100.0
115,125.0,151.0,200.0,60.0,225.0,181.0,100.0
116,125.0,150.0,200.0,61.0,225.0,180.0,100.0
117,126.0,150.0,199.0,60.0,225.0,180.0,99.0
118,126.0,150.0,199.0,60.0,225.0,180.0,99.0
119,126.0,149.0,200.0,61.0,226.0,179.0,100.0
120,127.0,149.0,199.0,61.0,226.0,179.0,99.0
121,127.0,149.0,199.0,61.0,226.0,179.0,99.0
122,127.0,149.0,199.0,61.0,226.0,179.0,99.0
123,127.0,149.0,198.0,61.0,226.0,179.0,99.0
124,126.0,150.0,199.0,60.0,225.0,180.0,99.0
125,126.0,150.0,199.0,60.0,225.0,180.0,99.0
126,126.0,150.0,199.0,60.0,225.0,180.0,99.0
127,126.0,150.0,199.0,61.0,225.0,180.0,99.0
128,126.0,150.0,199.0,61.0,225.0,180.0,99.0
129,126.0,151.0,199.0,60.0,225.0,181.0,99.0
130,126.0,151.0,198.0,60.0,225.0,181.0,99.0
131,123.0,151.0,199.0,60.0,222.0,181.0,99.0
132,120.0,152.0,199.0,59.0,219.0,181.0,99.0
133,117.0,152.0,199.0,59.0,216.0,181.0,99.0
134,114.0,153.0,200.0,58.0,214.0,182.0,100.0
135,111.0,153.0,200.0,58.0,211.0,182.0,100.0
136,108.0,154.0,200.0,57.0,208.0,182.0,100.0
137,105.0,155.0,200.0,55.0,205.0,182.0,100.0
138,103.0,155.0,200.0,55.0,203.0,182.0,100.0
139,100.0,156.0,200.0,54.0,200.0,183.0,100.0
140,97.0,156.0,200.0,54.0,197.0,183.0,100.0
141,94.0,157.0,201.0,53.0,194.0,183.0,100.0
142,91.0,157.0,201.0,53.0,191.0,183.0,100.0
143,86.0,157.0,201.0,53.0,186.0,183.0,100.0
144,82.0,157.0,201.0,53.0,182.0,183.0,100.0
145,78.0,156.0,200.0,54.0,178.0,183.0,100.0
146,73.0,156.0,201.0,53.0,173.0,182.0,100.0
147,69.0,155.0,200.0,54.0,169.0,182.0,100.0
148,65.0,155.0,200.0,54.0,165.0,182.0,100.0
149,60.0,155.0,201.0,54.0,160.0,182.0,100.0
150,56.0,154.0,200.0,55.0,156.0,181.0,100.0
151,52.0,154.0,200.0,54.0,152.0,181.0,100.0
152,47.0,154.0,200.0,54.0,147.0,181.0,100.0
153,43.0,153.0,200.0,55.0,143.0,180.0,100.0
154,39.0,153.0,199.0,55.0,138.0,180.0,99.0
155,37.0,153.0,199.0,54.0,136.0,180.0,99.0
156,34.0,152.0,200.0,55.0,134.0,179.0,100.0
157,32.0,152.0,199.0,54.0,131.0,179.0,99.0
158,30.0,152.0,199.0,53.0,129.0,178.0,99.0
159,27.0,152.0,200.0,53.0,127.0,178.0,100.0
160,25.0,152.0,200.0,52.0,125.0,178.0,100.0
161,23.0,151.0,199.0,53.0,122.0,177.0,99.0
162,21.0,151.0,199.0,52.0,120.0,177.0,99.0
163,22.0,151.0,198.0,51.0,121.0,176.0,99.0
164,23.0,150.0,197.0,52.0,121.0,176.0,98.0
165,24.0,150.0,196.0,52.0,122.0,176.0,98.0
166,25.0,149.0,195.0,52.0,122.0,175.0,97.0
167,27.0,149.0,193.0,52.0,123.0,175.0,96.0
168,28.0,148.0,192.0,52.0,124.0,174.0,96.0
169,29.0,147.0,190.0,53.0,124.0,173.0,95.0
170,30.0,147.0,189.0,53.0,124.0,173.0,94.0
171,32.0,146.0,187.0,53.0,125.0,172.0,93.0
172,33.0,146.0,186.0,53.0,126.0,172.0,93.0
173,34.0,145.0,185.0,53.0,126.0,171.0,92.0
174,35.0,145.0,184.0,53.0,127.0,171.0,92.0
175,36.0,144.0,183.0,54.0,127.0,171.0,91.0
176,38.0,144.0,181.0,53.0,128.0,170.0,90.0
177,39.0,143.0,180.0,53.0,129.0,169.0,90.0
178,40.0,143.0,178.0,53.0,129.0,169.0,89.0
179,41.0,143.0,177.0,52.0,129.0,169.0,88.0
180,43.0,142.0,175.0,52.0,130.0,168.0,87.0
181,44.0,142.0,174.0,52.0,131.0,168.0,87.0
182,45.0,142.0,173.0,51.0,131.0,167.0,86.0
183,46.0,141.0,172.0,51.0,132.0,166.0,86.0
184,48.0,141.0,170.0,51.0,133.0,166.0,85.0
185,49.0,141.0,169.0,50.0,133.0,166.0,84.0
186,50.0,140.0,167.0,50.0,133.0,165.0,83.0
187,49.0,140.0,168.0,49.0,133.0,164.0,84.0
188,49.0,139.0,167.0,49.0,132.0,163.0,83.0
189,48.0,138.0,167.0,49.0,131.0,162.0,83.0
190,47.0,137.0,167.0,49.0,130.0,161.0,83.0
191,47.0,137.0,166.0,48.0,130.0,161.0,83.0
192,46.0,136.0,166.0,48.0,129.0,160.0,83.0
193,45.0,135.0,166.0,48.0,128.0,159.0,83.0
194,45.0,136.0,166.0,48.0,128.0,160.0,83.0
195,44.0,137.0,167.0,48.0,127.0,161.0,83.0
196,43.0,138.0,167.0,47.0,126.0,161.0,83.0
197,43.0,139.0,167.0,47.0,126.0,162.0,83.0
198,42.0,140.0,168.0,47.0,126.0,163.0,84.0
199,41.0,141.0,168.0,46.0,125.0,164.0,84.0
200,40.0,142.0,169.0,46.0,124.0,165.0,84.0
201,40.0,143.0,169.0,45.0,124.0,165.0,84.0
202,39.0,144.0,169.0,45.0,123.0,166.0,84.0
203,38.0,145.0,170.0,45.0,123.0,167.0,85.0
204,37.0,146.0,171.0,44.0,122.0,168.0,85.0
205,38.0,147.0,170.0,45.0,123.0,169.0,85.0
206,38.0,147.0,170.0,46.0,123.0,170.0,85.0
207,39.0,148.0,169.0,47.0,123.0,171.0,84.0
208,39.0,148.0,169.0,49.0,123.0,172.0,84.0
209,40.0,148.0,169.0,50.0,124.0,173.0,84.0
210,40.0,149.0,169.0,51.0,124.0,174.0,84.0
211,40.0,149.0,169.0,52.0,124.0,175.0,84.0
212,41.0,150.0,168.0,53.0,125.0,176.0,84.0
213,41.0,150.0,168.0,54.0,125.0,177.0,84.0
214,40.0,150.0,168.0,53.0,124.0,176.0,84.0
215,39.0,149.0,168.0,52.0,123.0,175.0,84.0
216,39.0,149.0,166.0,51.0,122.0,174.0,83.0
217,38.0,148.0,166.0,50.0,121.0,173.0,83.0
218,37.0,148.0,166.0,48.0,120.0,172.0,83.0
219,36.0,148.0,166.0,47.0,119.0,171.0,83.0
220,35.0,147.0,165.0,46.0,117.0,170.0,82.0
221,34.0,147.0,165.0,45.0,116.0,169.0,82.0
222,33.0,146.0,165.0,44.0,115.0,168.0,82.0
223,33.0,146.0,164.0,43.0,115.0,167.0,82.0
224,32.0,145.0,163.0,42.0,113.0,166.0,81.0
225,31.0,145.0,163.0,40.0,112.0,165.0,81.0
226,30.0,145.0,163.0,39.0,111.0,164.0,81.0
227,29.0,144.0,162.0,38.0,110.0,163.0,81.0
228,27.0,144.0,162.0,37.0,108.0,162.0,81.0
229,25.0,143.0,162.0,37.0,106.0,161.0,81.0
230,23.0,142.0,162.0,37.0,104.0,160.0,81.0
231,21.0,142.0,161.0,36.0,101.0,160.0,80.0
232,19.0,141.0,161.0,36.0,99.0,159.0,80.0
233,17.0,141.0,161.0,35.0,97.0,158.0,80.0
234,15.0,140.0,160.0,35.0,95.0,157.0,80.0
235,13.0,139.0,160.0,35.0,93.0,156.0,80.0
236,11.0,139.0,160.0,34.0,91.0,156.0,80.0
237,9.0,138.0,159.0,34.0,88.0,155.0,79.0
238,7.0,138.0,159.0,33.0,86.0,154.0,79.0
239,4.0,137.0,161.0,33.0,84.0,153.0,80.0
240,2.0,136.0,162.0,33.0,83.0,152.0,81.0
241,0.0,135.0,163.0,33.0,81.0,151.0,81.0
242,0.0,135.0,159.0,33.0,79.0,151.0,79.0
243,0.0,134.0,156.0,34.0,78.0,151.0,78.0
244,0.0,134.0,152.0,34.0,76.0,151.0,76.0
245,0.0,133.0,149.0,35.0,74.0,150.0,74.0
246,0.0,132.0,145.0,36.0,72.0,150.0,72.0
247,0.0,132.0,142.0,36.0,71.0,150.0,71.0
248,0.0,131.0,138.0,37.0,69.0,149.0,69.0
249,0.0,131.0,135.0,37.0,67.0,149.0,67.0
250,1.0,130.0,130.0,38.0,66.0,149.0,65.0
251,1.0,129.0,127.0,39.0,64.0,148.0,63.0
252,1.0,129.0,123.0,39.0,62.0,148.0,61.0
253,1.0,131.0,119.0,38.0,60.0,150.0,59.0
254,1.0,132.0,114.0,38.0,58.0,151.0,57.0
255,0.0,134.0,110.0,38.0,55.0,153.0,55.0
256,0.0,136.0,105.0,37.0,52.0,154.0,52.0
257,0.0,138.0,100.0,37.0,50.0,156.0,50.0
258,0.0,140.0,95.0,36.0,47.0,158.0,47.0
259,0.0,142.0,90.0,36.0,45.0,160.0,45.0
260,0.0,143.0,85.0,36.0,42.0,161.0,42.0
261,0.0,145.0,80.0,36.0,40.0,163.0,40.0
262,0.0,147.0,80.0,35.0,40.0,164.0,40.0
263,0.0,149.0,79.0,35.0,39.0,166.0,39.0
264,0.0,151.0,78.0,35.0,39.0,168.0,39.0
265,0.0,151.0,79.0,35.0,39.0,168.0,39.0
266,0.0,151.0,81.0,35.0,40.0,168.0,40.0
267,0.0,152.0,82.0,34.0,41.0,169.0,41.0
268,0.0,152.0,83.0,35.0,41.0,169.0,41.0
269,0.0,152.0,85.0,35.0,42.0,169.0,42.0
270,0.0,152.0,86.0,35.0,43.0,169.0,43.0
271,0.0,153.0,87.0,34.0,43.0,170.0,43.0
272,0.0,153.0,89.0,35.0,44.0,170.0,44.0
273,0.0,153.0,90.0,35.0,45.0,170.0,45.0
274,0.0,153.0,91.0,35.0,45.0,170.0,45.0
275,0.0,153.0,92.0,36.0,46.0,171.0,46.0
276,0.0,152.0,92.0,38.0,46.0,171.0,46.0
277,0.0,151.0,92.0,39.0,46.0,170.0,46.0
278,0.0,151.0,92.0,40.0,46.0,171.0,46.0
279,0.0,150.0,92.0,41.0,46.0,170.0,46.0
280,0.0,149.0,92.0,43.0,46.0,170.0,46.0
281,0.0,149.0,93.0,44.0,46.0,171.0,46.0
282,0.0,148.0,93.0,45.0,46.0,170.0,46.0
283,0.0,147.0,93.0,47.0,46.0,170.0,46.0
284,0.0,147.0,93.0,48.0,46.0,171.0,46.0
285,0.0,146.0,93.0,49.0,46.0,170.0,46.0
286,0.0,143.0,94.0,53.0,47.0,169.0,47.0
287,0.0,141.0,94.0,55.0,47.0,168.0,47.0
288,0.0,139.0,95.0,58.0,47.0,168.0,47.0
289,0.0,136.0,96.0,62.0,48.0,167.0,48.0
290,0.0,134.0,96.0,64.0,48.0,166.0,48.0
291,0.0,131.0,97.0,68.0,48.0,165.0,48.0
292,0.0,129.0,98.0,70.0,49.0,164.0,49.0
293,0.0,126.0,98.0,74.0,49.0,163.0,49.0
294,0.0,124.0,99.0,76.0,49.0,162.0,49.0
295,0.0,121.0,100.0,80.0,50.0,161.0,50.0
296,0.0,119.0,100.0,82.0,50.0,160.0,50.0
297,0.0,117.0,101.0,85.0,50.0,159.0,50.0
298,0.0,116.0,103.0,85.0,51.0,158.0,51.0
299,0.0,115.0,105.0,86.0,52.0,158.0,52.0
300,0.0,115.0,107.0,86.0,53.0,158.0,53.0
301,0.0,114.0,109.0,87.0,54.0,157.0,54.0
302,0.0,113.0,111.0,87.0,55.0,156.0,55.0
303,0.0,113.0,113.0,87.0,56.0,156.0,56.0
304,0.0,112.0,115.0,88.0,57.0,156.0,57.0
305,0.0,111.0,117.0,89.0,58.0,155.0,58.0
306,1.0,113.0,118.0,87.0,60.0,156.0,59.0
307,1.0,115.0,121.0,85.0,61.0,157.0,60.0
308,1.0,117.0,124.0,84.0,63.0,159.0,62.0
309,2.0,119.0,125.0,82.0,64.0,160.0,62.0
310,4.0,117.0,124.0,84.0,66.0,159.0,62.0
311,9.0,119.0,126.0,82.0,72.0,160.0,63.0
312,13.0,119.0,125.0,82.0,75.0,160.0,62.0
313,17.0,120.0,125.0,82.0,79.0,161.0,62.0
314,20.0,120.0,125.0,82.0,82.0,161.0,62.0
315,24.0,121.0,125.0,81.0,86.0,161.0,62.0
316,28.0,121.0,124.0,81.0,90.0,161.0,62.0
317,34.0,124.0,123.0,78.0,95.0,163.0,61.0
318,38.0,124.0,123.0,77.0,99.0,162.0,61.0
319,42.0,123.0,123.0,78.0,103.0,162.0,61.0
320,46.0,123.0,122.0,77.0,107.0,161.0,61.0
321,50.0,122.0,122.0,78.0,111.0,161.0,61.0
322,54.0,122.0,122.0,77.0,115.0,160.0,61.0
323,57.0,122.0,123.0,77.0,118.0,160.0,61.0
324,61.0,121.0,123.0,78.0,122.0,160.0,61.0
325,65.0,121.0,122.0,77.0,126.0,159.0,61.0
326,69.0,120.0,122.0,78.0,130.0,159.0,61.0
327,73.0,120.0,122.0,77.0,134.0,158.0,61.0
328,77.0,120.0,122.0,77.0,138.0,158.0,61.0
329,81.0,119.0,121.0,77.0,141.0,157.0,60.0
330,84.0,119.0,121.0,78.0,144.0,158.0,60.0
331,86.0,119.0,121.0,78.0,146.0,158.0,60.0
332,89.0,119.0,121.0,78.0,149.0,158.0,60.0
333,92.0,118.0,120.0,79.0,152.0,157.0,60.0
334,94.0,118.0,120.0,80.0,154.0,158.0,60.0
335,97.0,118.0,120.0,80.0,157.0,158.0,60.0
336,100.0,118.0,119.0,80.0,159.0,158.0,59.0
337,102.0,118.0,120.0,80.0,162.0,158.0,60.0
338,105.0,117.0,119.0,82.0,164.0,158.0,59.0
339,108.0,117.0,118.0,82.0,167.0,158.0,59.0
340,110.0,117.0,119.0,82.0,169.0,158.0,59.0
341,113.0,117.0,118.0,82.0,172.0,158.0,59.0
342,116.0,117.0,118.0,83.0,175.0,158.0,59.0
343,118.0,115.0,115.0,86.0,175.0,158.0,57.0
344,120.0,114.0,113.0,88.0,176.0,158.0,56.0
345,123.0,113.0,110.0,89.0,178.0,157.0,55.0
346,125.0,111.0,108.0,92.0,179.0,157.0,54.0
347,128.0,110.0,105.0,94.0,180.0,157.0,52.0
348,130.0,109.0,103.0,96.0,181.0,157.0,51.0
349,132.0,108.0,101.0,98.0,182.0,157.0,50.0
350,135.0,106.0,98.0,101.0,184.0,156.0,50.0
351,137.0,105.0,95.0,103.0,184.0,156.0,51.0
352,140.0,104.0,92.0,105.0,186.0,156.0,52.0
353,142.0,103.0,90.0,107.0,187.0,156.0,53.0
354,143.0,101.0,88.0,109.0,187.0,155.0,54.0
355,144.0,100.0,86.0,110.0,187.0,155.0,55.0
356,145.0,98.0,84.0,112.0,187.0,154.0,56.0
357,146.0,97.0,82.0,113.0,187.0,153.0,56.0
358,147.0,96.0,81.0,114.0,187.0,153.0,57.0
359,148.0,94.0,79.0,116.0,187.0,152.0,58.0
360,149.0,93.0,77.0,117.0,187.0,151.0,58.0
361,150.0,91.0,75.0,119.0,187.0,150.0,59.0
362,151.0,91.0,74.0,119.0,188.0,150.0,59.0
363,152.0,90.0,72.0,120.0,188.0,150.0,60.0
364,153.0,89.0,71.0,121.0,188.0,149.0,60.0
365,154.0,88.0,70.0,121.0,189.0,148.0,60.0
366,155.0,87.0,69.0,122.0,189.0,148.0,61.0
367,156.0,87.0,67.0,122.0,189.0,148.0,61.0
368,156.0,86.0,67.0,123.0,189.0,147.0,61.0
369,157.0,85.0,66.0,123.0,190.0,146.0,61.0
370,158.0,84.0,65.0,124.0,190.0,146.0,62.0
371,159.0,83.0,64.0,125.0,191.0,145.0,62.0
372,160.0,83.0,62.0,125.0,191.0,145.0,62.0
373,161.0,82.0,61.0,125.0,191.0,144.0,62.0
374,162.0,81.0,60.0,126.0,192.0,144.0,63.0
375,164.0,81.0,58.0,126.0,193.0,144.0,63.0
376,166.0,80.0,57.0,127.0,194.0,143.0,63.0
377,168.0,79.0,55.0,127.0,195.0,142.0,63.0
378,170.0,79.0,53.0,127.0,196.0,142.0,63.0
379,172.0,78.0,52.0,128.0,198.0,142.0,64.0
380,174.0,78.0,50.0,128.0,199.0,142.0,64.0
381,176.0,77.0,48.0,129.0,200.0,141.0,64.0
382,178.0,77.0,47.0,128.0,201.0,141.0,64.0
383,180.0,76.0,45.0,129.0,202.0,140.0,64.0
384,183.0,76.0,42.0,129.0,204.0,140.0,64.0
385,185.0,75.0,42.0,130.0,206.0,140.0,65.0
386,187.0,75.0,41.0,130.0,207.0,140.0,65.0
387,190.0,75.0,39.0,131.0,209.0,140.0,65.0
388,192.0,75.0,38.0,131.0,211.0,140.0,65.0
389,195.0,75.0,36.0,131.0,213.0,140.0,65.0
390,195.0,75.0,37.0,131.0,213.0,140.0,65.0
391,195.0,75.0,39.0,131.0,214.0,140.0,65.0
392,195.0,75.0,40.0,131.0,215.0,140.0,65.0
393,196.0,75.0,41.0,131.0,216.0,140.0,65.0
394,196.0,76.0,42.0,129.0,217.0,140.0,64.0
395,196.0,76.0,44.0,129.0,218.0,140.0,64.0
396,196.0,76.0,45.0,129.0,218.0,140.0,64.0
397,197.0,76.0,46.0,129.0,220.0,140.0,64.0
398,197.0,77.0,47.0,128.0,220.0,141.0,64.0
399,197.0,77.0,49.0,127.0,221.0,140.0,63.0
400,198.0,77.0,49.0,127.0,222.0,140.0,63.0
401,198.0,77.0,50.0,127.0,223.0,140.0,63.0
402,198.0,78.0,53.0,126.0,224.0,141.0,63.0
403,198.0,79.0,55.0,126.0,225.0,142.0,63.0
404,198.0,80.0,57.0,125.0,226.0,142.0,62.0
405,198.0,81.0,59.0,124.0,227.0,143.0,62.0
406,198.0,81.0,61.0,125.0,228.0,143.0,62.0
407,198.0,82.0,63.0,124.0,229.0,144.0,62.0
408,198.0,83.0,66.0,123.0,231.0,144.0,61.0
409,198.0,84.0,68.0,123.0,232.0,145.0,61.0
410,198.0,85.0,70.0,122.0,233.0,146.0,61.0
411,198.0,85.0,72.0,122.0,234.0,146.0,61.0
412,198.0,86.0,74.0,121.0,235.0,146.0,60.0
413,198.0,87.0,76.0,121.0,236.0,147.0,60.0
414,198.0,88.0,78.0,119.0,237.0,147.0,59.0
415,198.0,88.0,80.0,118.0,238.0,147.0,59.0
416,198.0,89.0,82.0,116.0,239.0,147.0,58.0
417,198.0,90.0,84.0,115.0,240.0,147.0,57.0
418,198.0,90.0,86.0,114.0,241.0,147.0,57.0
419,198.0,91.0,88.0,112.0,242.0,147.0,56.0
420,198.0,91.0,90.0,111.0,243.0,146.0,55.0
421,198.0,92.0,92.0,110.0,244.0,147.0,55.0
422,198.0,93.0,94.0,108.0,245.0,147.0,54.0
423,198.0,93.0,96.0,107.0,246.0,146.0,53.0
424,198.0,94.0,98.0,105.0,247.0,146.0,52.0
425,198.0,95.0,101.0,103.0,248.0,146.0,51.0
426,197.0,97.0,103.0,102.0,248.0,148.0,51.0
427,197.0,99.0,105.0,100.0,249.0,149.0,52.0
428,197.0,101.0,106.0,98.0,250.0,150.0,53.0
429,196.0,103.0,109.0,97.0,250.0,151.0,54.0
430,196.0,105.0,110.0,95.0,251.0,152.0,55.0
431,195.0,107.0,113.0,93.0,251.0,153.0,56.0
432,195.0,109.0,115.0,92.0,252.0,155.0,57.0
433,194.0,111.0,117.0,90.0,252.0,156.0,58.0
434,194.0,114.0,119.0,87.0,253.0,157.0,59.0
435,193.0,116.0,121.0,85.0,253.0,158.0,60.0
436,193.0,118.0,123.0,84.0,254.0,160.0,61.0
437,193.0,120.0,125.0,82.0,255.0,161.0,62.0
438,192.0,122.0,127.0,80.0,255.0,162.0,63.0
439,192.0,124.0,128.0,78.0,256.0,163.0,64.0
440,192.0,126.0,129.0,77.0,256.0,164.0,64.0
441,192.0,129.0,130.0,74.0,257.0,166.0,65.0
442,192.0,131.0,131.0,72.0,257.0,167.0,65.0
443,192.0,133.0,132.0,70.0,258.0,168.0,66.0
444,192.0,135.0,133.0,68.0,258.0,169.0,66.0
445,192.0,137.0,135.0,67.0,259.0,170.0,67.0
446,192.0,140.0,136.0,64.0,260.0,172.0,68.0
447,191.0,142.0,138.0,62.0,260.0,173.0,69.0
448,191.0,144.0,139.0,60.0,260.0,174.0,69.0
449,191.0,146.0,140.0,58.0,261.0,175.0,70.0
450,191.0,149.0,141.0,55.0,261.0,176.0,70.0
451,191.0,150.0,141.0,55.0,261.0,177.0,70.0
452,191.0,152.0,142.0,53.0,262.0,178.0,71.0
453,191.0,153.0,142.0,52.0,262.0,179.0,71.0
454,191.0,155.0,143.0,51.0,262.0,180.0,71.0
455,191.0,157.0,143.0,49.0,262.0,181.0,71.0
456,191.0,158.0,144.0,49.0,263.0,182.0,72.0
457,191.0,160.0,144.0,47.0,263.0,183.0,72.0
458,191.0,161.0,145.0,46.0,263.0,184.0,72.0
459,191.0,163.0,145.0,45.0,263.0,185.0,72.0
460,191.0,164.0,146.0,44.0,264.0,186.0,73.0
461,191.0,166.0,146.0,42.0,264.0,187.0,73.0
462,191.0,167.0,146.0,42.0,264.0,188.0,73.0
463,191.0,169.0,146.0,40.0,264.0,189.0,73.0
464,191.0,170.0,146.0,40.0,264.0,190.0,73.0
465,191.0,171.0,146.0,39.0,264.0,190.0,73.0
466,191.0,173.0,146.0,37.0,264.0,191.0,73.0
467,191.0,174.0,146.0,37.0,264.0,192.0,73.0
468,191.0,176.0,146.0,35.0,264.0,193.0,73.0
469,191.0,177.0,146.0,35.0,264.0,194.0,73.0
470,191.0,178.0,146.0,34.0,264.0,195.0,73.0
471,191.0,180.0,146.0,33.0,264.0,196.0,73.0
472,191.0,181.0,146.0,32.0,264.0,197.0,73.0
473,191.0,181.0,146.0,32.0,264.0,197.0,73.0
474,191.0,182.0,146.0,31.0,264.0,197.0,73.0
475,191.0,182.0,146.0,30.0,264.0,197.0,73.0
476,191.0,182.0,146.0,30.0,264.0,197.0,73.0
477,191.0,183.0,146.0,29.0,264.0,197.0,73.0
478,191.0,183.0,146.0,29.0,264.0,197.0,73.0
479,191.0,183.0,146.0,28.0,264.0,197.0,73.0
480,191.0,184.0,146.0,27.0,264.0,197.0,73.0
481,192.0,184.0,145.0,27.0,264.0,197.0,72.0
482,192.0,184.0,145.0,27.0,264.0,197.0,72.0
483,192.0,183.0,145.0,29.0,264.0,197.0,72.0
484,192.0,183.0,145.0,29.0,264.0,197.0,72.0
485,192.0,183.0,145.0,30.0,264.0,198.0,72.0
486,192.0,182.0,145.0,31.0,264.0,197.0,72.0
487,193.0,182.0,144.0,31.0,265.0,197.0,72.0
488,193.0,182.0,144.0,32.0,265.0,198.0,72.0
489,193.0,181.0,144.0,33.0,265.0,197.0,72.0
490,193.0,181.0,144.0,32.0,265.0,197.0,72.0
491,193.0,180.0,144.0,33.0,265.0,196.0,72.0
492,194.0,180.0,143.0,33.0,265.0,196.0,71.0
493,194.0,180.0,143.0,33.0,265.0,196.0,71.0
494,194.0,179.0,143.0,34.0,265.0,196.0,71.0
495,194.0,179.0,143.0,34.0,265.0,196.0,71.0
496,194.0,178.0,143.0,35.0,265.0,195.0,71.0
497,194.0,178.0,143.0,34.0,265.0,195.0,71.0
498,195.0,177.0,142.0,35.0,266.0,194.0,71.0
499,194.0,177.0,143.0,34.0,265.0,194.0,71.0
500,194.0,176.0,143.0,34.0,265.0,193.0,71.0
501,194.0,176.0,142.0,34.0,265.0,193.0,71.0
502,194.0,175.0,142.0,34.0,265.0,192.0,71.0
503,194.0,175.0,142.0,33.0,265.0,191.0,71.0
504,193.0,174.0,143.0,33.0,264.0,190.0,71.0
505,193.0,173.0,142.0,33.0,264.0,189.0,71.0
506,193.0,173.0,142.0,32.0,264.0,189.0,71.0
507,193.0,172.0,142.0,32.0,264.0,188.0,71.0
508,192.0,172.0,142.0,32.0,263.0,188.0,71.0
509,192.0,172.0,142.0,31.0,263.0,187.0,71.0
510,191.0,171.0,142.0,32.0,262.0,187.0,71.0
511,190.0,171.0,143.0,32.0,261.0,187.0,71.0
512,190.0,171.0,143.0,31.0,261.0,186.0,71.0
513,189.0,170.0,143.0,32.0,260.0,186.0,71.0
514,188.0,170.0,144.0,32.0,260.0,186.0,72.0
515,188.0,170.0,143.0,32.0,259.0,186.0,71.0
516,187.0,169.0,144.0,32.0,259.0,185.0,72.0
517,186.0,169.0,144.0,32.0,258.0,185.0,72.0
518,186.0,168.0,144.0,33.0,258.0,184.0,72.0
519,185.0,168.0,144.0,32.0,257.0,184.0,72.0
520,184.0,167.0,144.0,33.0,256.0,183.0,72.0
521,184.0,167.0,143.0,32.0,255.0,183.0,71.0
522,183.0,166.0,143.0,33.0,254.0,182.0,71.0
523,183.0,165.0,142.0,34.0,254.0,182.0,71.0
524,182.0,164.0,142.0,34.0,253.0,181.0,71.0
525,182.0,164.0,141.0,34.0,252.0,181.0,70.0
526,181.0,163.0,141.0,35.0,251.0,180.0,70.0
527,181.0,162.0,140.0,35.0,251.0,179.0,70.0
528,180.0,162.0,140.0,35.0,250.0,179.0,70.0
529,180.0,161.0,140.0,36.0,250.0,179.0,70.0
530,180.0,161.0,140.0,35.0,250.0,178.0,70.0
531,180.0,161.0,140.0,35.0,250.0,178.0,70.0
532,179.0,161.0,141.0,35.0,249.0,178.0,70.0
533,179.0,161.0,141.0,35.0,249.0,178.0,70.0
534,179.0,161.0,141.0,35.0,249.0,178.0,70.0
535,179.0,160.0,141.0,35.0,249.0,177.0,70.0
536,179.0,160.0,141.0,35.0,249.0,177.0,70.0
537,179.0,160.0,141.0,35.0,249.0,177.0,70.0
538,178.0,160.0,141.0,35.0,248.0,177.0,70.0
539,178.0,159.0,141.0,36.0,248.0,177.0,70.0
540,177.0,159.0,142.0,35.0,248.0,176.0,71.0
541,177.0,158.0,141.0,36.0,247.0,176.0,70.0
542,176.0,158.0,142.0,36.0,247.0,176.0,71.0
543,176.0,157.0,141.0,37.0,246.0,175.0,70.0
544,175.0,157.0,142.0,37.0,246.0,175.0,71.0
545,175.0,156.0,142.0,38.0,246.0,175.0,71.0
546,174.0,156.0,142.0,38.0,245.0,175.0,71.0
547,174.0,155.0,142.0,39.0,245.0,174.0,71.0
548,174.0,154.0,142.0,39.0,245.0,173.0,71.0
549,174.0,154.0,142.0,39.0,245.0,173.0,71.0
550,174.0,153.0,141.0,40.0,244.0,173.0,70.0
551,174.0,153.0,141.0,40.0,244.0,173.0,70.0
552,174.0,152.0,141.0,41.0,244.0,172.0,70.0
553,174.0,151.0,141.0,42.0,244.0,172.0,70.0
554,174.0,151.0,141.0,42.0,244.0,172.0,70.0
555,174.0,152.0,141.0,41.0,244.0,172.0,70.0
556,173.0,153.0,142.0,40.0,244.0,173.0,71.0
557,173.0,154.0,141.0,40.0,243.0,174.0,70.0
558,172.0,155.0,142.0,39.0,243.0,174.0,71.0
559,172.0,157.0,142.0,37.0,243.0,175.0,71.0
560,171.0,158.0,143.0,36.0,242.0,176.0,71.0
561,171.0,159.0,143.0,36.0,242.0,177.0,71.0
562,171.0,160.0,143.0,35.0,242.0,177.0,71.0
563,170.0,161.0,143.0,34.0,241.0,178.0,71.0
564,170.0,162.0,143.0,33.0,241.0,178.0,71.0
565,169.0,164.0,144.0,31.0,241.0,179.0,72.0
566,169.0,164.0,143.0,32.0,240.0,180.0,71.0
567,169.0,164.0,143.0,33.0,240.0,180.0,71.0
568,168.0,165.0,143.0,32.0,239.0,181.0,71.0
569,168.0,165.0,142.0,33.0,239.0,181.0,71.0
570,168.0,165.0,142.0,33.0,239.0,181.0,71.0
571,168.0,166.0,141.0,33.0,238.0,182.0,70.0
572,168.0,166.0,140.0,34.0,238.0,183.0,70.0
573,167.0,166.0,140.0,34.0,237.0,183.0,70.0
574,167.0,167.0,140.0,34.0,237.0,184.0,70.0
575,167.0,167.0,139.0,34.0,236.0,184.0,69.0
576,167.0,167.0,138.0,35.0,236.0,184.0,69.0
577,166.0,167.0,138.0,35.0,235.0,184.0,69.0
578,166.0,167.0,138.0,36.0,235.0,185.0,69.0
579,166.0,167.0,137.0,36.0,234.0,185.0,68.0
580,166.0,167.0,137.0,36.0,234.0,185.0,68.0
581,165.0,167.0,137.0,37.0,233.0,185.0,68.0
582,165.0,167.0,136.0,37.0,233.0,185.0,68.0
583,165.0,167.0,136.0,37.0,233.0,185.0,68.0
584,164.0,167.0,136.0,37.0,232.0,185.0,68.0
585,164.0,168.0,135.0,36.0,231.0,186.0,67.0
586,163.0,168.0,136.0,36.0,231.0,186.0,68.0
587,163.0,168.0,135.0,36.0,230.0,186.0,67.0
588,162.0,168.0,136.0,36.0,230.0,186.0,68.0
589,162.0,168.0,135.0,36.0,229.0,186.0,67.0
590,161.0,169.0,136.0,35.0,229.0,186.0,68.0
591,161.0,169.0,135.0,35.0,228.0,186.0,67.0
592,160.0,169.0,136.0,35.0,228.0,186.0,68.0
593,160.0,169.0,135.0,35.0,227.0,186.0,67.0
594,159.0,169.0,135.0,35.0,226.0,186.0,67.0
595,159.0,170.0,135.0,34.0,226.0,187.0,67.0
596,158.0,170.0,135.0,34.0,225.0,187.0,67.0
597,158.0,169.0,135.0,35.0,225.0,186.0,67.0
598,157.0,169.0,136.0,35.0,225.0,186.0,68.0
599,157.0,169.0,135.0,35.0,224.0,186.0,67.0
600,156.0,169.0,136.0,34.0,224.0,186.0,68.0
601,156.0,169.0,135.0,34.0,223.0,186.0,67.0
602,155.0,169.0,136.0,34.0,223.0,186.0,68.0
603,155.0,169.0,135.0,34.0,222.0,186.0,67.0
604,155.0,169.0,135.0,34.0,222.0,186.0,67.0
605,154.0,169.0,135.0,33.0,221.0,185.0,67.0
606,154.0,169.0,135.0,33.0,221.0,185.0,67.0
607,154.0,169.0,135.0,33.0,221.0,185.0,67.0
608,154.0,169.0,135.0,33.0,221.0,185.0,67.0
609,154.0,169.0,135.0,33.0,221.0,185.0,67.0
610,154.0,169.0,135.0,33.0,221.0,185.0,67.0
611,154.0,169.0,134.0,33.0,221.0,185.0,67.0
612,153.0,170.0,135.0,32.0,220.0,186.0,67.0
613,153.0,170.0,135.0,32.0,220.0,186.0,67.0
614,153.0,170.0,135.0,32.0,220.0,186.0,67.0
615,153.0,170.0,135.0,32.0,220.0,186.0,67.0
616,153.0,170.0,135.0,32.0,220.0,186.0,67.0
617,153.0,170.0,134.0,32.0,220.0,186.0,67.0
618,153.0,170.0,134.0,32.0,220.0,186.0,67.0
619,153.0,170.0,134.0,32.0,220.0,186.0,67.0
620,153.0,171.0,134.0,31.0,220.0,186.0,67.0
621,153.0,171.0,134.0,31.0,220.0,186.0,67.0
622,153.0,171.0,134.0,31.0,220.0,186.0,67.0
623,153.0,171.0,134.0,31.0,220.0,186.0,67.0
624,153.0,171.0,134.0,31.0,220.0,186.0,67.0
625,153.0,172.0,134.0,30.0,220.0,187.0,67.0
626,153.0,172.0,134.0,30.0,220.0,187.0,67.0
627,153.0,172.0,134.0,30.0,220.0,187.0,67.0
628,154.0,172.0,133.0,30.0,220.0,187.0,66.0
629,154.0,172.0,134.0,30.0,221.0,187.0,67.0
630,154.0,173.0,134.0,29.0,221.0,187.0,67.0
631,154.0,173.0,134.0,29.0,221.0,187.0,67.0
632,155.0,173.0,134.0,29.0,222.0,187.0,67.0
633,157.0,173.0,133.0,29.0,223.0,187.0,66.0
634,158.0,173.0,134.0,28.0,225.0,187.0,67.0
635,159.0,174.0,134.0,27.0,226.0,187.0,67.0
636,160.0,174.0,134.0,27.0,227.0,187.0,67.0
637,161.0,174.0,135.0,27.0,228.0,187.0,67.0
638,163.0,174.0,134.0,27.0,230.0,187.0,67.0
639,164.0,174.0,134.0,27.0,231.0,187.0,67.0
640,165.0,175.0,135.0,26.0,232.0,188.0,67.0
641,166.0,175.0,135.0,26.0,233.0,188.0,67.0
642,169.0,174.0,134.0,27.0,236.0,187.0,67.0
643,171.0,173.0,135.0,28.0,238.0,187.0,67.0
644,173.0,172.0,135.0,28.0,240.0,186.0,67.0
645,176.0,172.0,134.0,28.0,243.0,186.0,67.0
646,178.0,171.0,134.0,29.0,245.0,185.0,67.0
647,181.0,170.0,134.0,30.0,248.0,185.0,67.0
648,183.0,169.0,134.0,31.0,250.0,184.0,67.0
649,186.0,168.0,133.0,32.0,252.0,184.0,66.0
650,188.0,168.0,133.0,32.0,254.0,184.0,66.0
651,190.0,167.0,134.0,33.0,257.0,183.0,67.0
652,193.0,166.0,133.0,34.0,259.0,183.0,66.0
653,196.0,165.0,133.0,34.0,262.0,182.0,66.0
654,199.0,165.0,133.0,34.0,265.0,182.0,66.0
655,203.0,164.0,132.0,34.0,269.0,181.0,66.0
656,206.0,164.0,132.0,34.0,272.0,181.0,66.0
657,209.0,163.0,132.0,34.0,275.0,180.0,66.0
658,212.0,163.0,132.0,34.0,278.0,180.0,66.0
659,216.0,162.0,131.0,35.0,281.0,179.0,65.0
660,219.0,162.0,131.0,34.0,284.0,179.0,65.0
661,222.0,161.0,131.0,35.0,287.0,178.0,65.0
662,225.0,160.0,131.0,35.0,290.0,177.0,65.0
663,228.0,160.0,131.0,35.0,293.0,177.0,65.0
664,232.0,159.0,130.0,35.0,297.0,176.0,65.0
665,235.0,159.0,130.0,35.0,300.0,176.0,65.0
666,238.0,158.0,130.0,36.0,303.0,176.0,65.0
667,241.0,158.0,130.0,36.0,306.0,176.0,65.0
668,244.0,159.0,131.0,35.0,309.0,176.0,65.0
669,247.0,159.0,131.0,36.0,312.0,177.0,65.0
670,250.0,159.0,131.0,36.0,315.0,177.0,65.0
671,253.0,159.0,131.0,36.0,318.0,177.0,65.0
672,256.0,159.0,131.0,37.0,321.0,177.0,65.0
673,259.0,159.0,131.0,37.0,324.0,177.0,65.0
674,262.0,159.0,131.0,37.0,327.0,177.0,65.0
675,265.0,160.0,132.0,37.0,331.0,178.0,66.0
676,268.0,160.0,132.0,37.0,334.0,178.0,66.0
677,271.0,160.0,132.0,37.0,337.0,178.0,66.0
678,274.0,160.0,132.0,38.0,340.0,179.0,66.0
679,276.0,160.0,133.0,37.0,342.0,178.0,66.0
680,278.0,160.0,133.0,37.0,344.0,178.0,66.0
681,281.0,161.0,132.0,36.0,347.0,179.0,66.0
682,283.0,161.0,133.0,36.0,349.0,179.0,66.0
683,285.0,161.0,133.0,36.0,351.0,179.0,66.0
684,288.0,161.0,132.0,36.0,354.0,179.0,66.0
685,290.0,161.0,133.0,35.0,356.0,178.0,66.0
686,292.0,161.0,133.0,35.0,358.0,178.0,66.0
687,295.0,162.0,132.0,34.0,361.0,179.0,66.0
688,297.0,162.0,133.0,34.0,363.0,179.0,66.0
689,299.0,162.0,133.0,34.0,365.0,179.0,66.0
690,302.0,162.0,133.0,34.0,368.0,179.0,66.0
691,304.0,162.0,133.0,34.0,370.0,179.0,66.0
692,306.0,163.0,134.0,33.0,373.0,179.0,67.0
693,308.0,163.0,135.0,33.0,375.0,179.0,67.0
694,311.0,163.0,134.0,33.0,378.0,179.0,67.0
695,313.0,164.0,135.0,32.0,380.0,180.0,67.0
696,315.0,164.0,136.0,32.0,383.0,180.0,68.0
697,318.0,164.0,135.0,32.0,385.0,180.0,67.0
698,320.0,165.0,136.0,31.0,388.0,180.0,68.0
699,322.0,165.0,137.0,31.0,390.0,180.0,68.0
700,325.0,165.0,137.0,31.0,393.0,180.0,68.0
701,327.0,166.0,137.0,30.0,395.0,181.0,68.0
702,329.0,166.0,138.0,29.0,398.0,180.0,69.0
703,332.0,166.0,138.0,29.0,401.0,180.0,69.0
704,334.0,167.0,138.0,28.0,403.0,181.0,69.0
705,336.0,167.0,139.0,28.0,405.0,181.0,69.0
706,339.0,167.0,139.0,28.0,408.0,181.0,69.0
707,341.0,168.0,139.0,27.0,410.0,181.0,69.0
708,344.0,167.0,140.0,28.0,414.0,181.0,70.0
709,347.0,166.0,141.0,28.0,417.0,180.0,70.0
710,351.0,165.0,140.0,29.0,421.0,179.0,70.0
711,354.0,165.0,141.0,28.0,424.0,179.0,70.0
712,357.0,164.0,142.0,28.0,428.0,178.0,71.0
713,360.0,163.0,142.0,29.0,431.0,177.0,71.0
714,364.0,163.0,142.0,28.0,435.0,177.0,71.0
715,367.0,162.0,143.0,29.0,438.0,176.0,71.0
716,370.0,161.0,143.0,29.0,441.0,175.0,71.0
717,373.0,161.0,144.0,28.0,445.0,175.0,72.0
718,375.0,161.0,144.0,28.0,447.0,175.0,72.0
719,377.0,161.0,143.0,29.0,448.0,175.0,71.0
720,378.0,161.0,144.0,29.0,450.0,175.0,72.0
721,380.0,161.0,144.0,29.0,452.0,175.0,72.0
722,381.0,161.0,145.0,29.0,453.0,175.0,72.0
723,383.0,161.0,145.0,29.0,455.0,175.0,72.0
724,384.0,161.0,146.0,29.0,457.0,175.0,73.0
725,386.0,161.0,145.0,29.0,458.0,175.0,72.0
726,387.0,161.0,146.0,29.0,460.0,175.0,73.0
727,389.0,161.0,146.0,29.0,462.0,175.0,73.0
728,390.0,161.0,147.0,29.0,463.0,175.0,73.0
729,392.0,161.0,147.0,30.0,465.0,176.0,73.0
730,394.0,161.0,147.0,30.0,467.0,176.0,73.0
731,395.0,161.0,147.0,30.0,468.0,176.0,73.0
732,397.0,161.0,147.0,30.0,470.0,176.0,73.0
733,398.0,161.0,148.0,30.0,472.0,176.0,74.0
734,399.0,161.0,147.0,30.0,472.0,176.0,73.0
735,399.0,161.0,148.0,31.0,473.0,176.0,74.0
736,399.0,161.0,148.0,31.0,473.0,176.0,74.0
737,400.0,161.0,147.0,32.0,473.0,177.0,73.0
738,400.0,161.0,148.0,32.0,474.0,177.0,74.0
739,401.0,161.0,147.0,33.0,474.0,177.0,73.0
740,401.0,162.0,147.0,32.0,474.0,178.0,73.0
741,401.0,161.0,147.0,34.0,474.0,178.0,73.0
742,401.0,161.0,146.0,35.0,474.0,178.0,73.0
743,401.0,161.0,146.0,36.0,474.0,179.0,73.0
744,401.0,161.0,145.0,36.0,473.0,179.0,72.0
745,401.0,161.0,145.0,37.0,473.0,179.0,72.0
746,401.0,160.0,144.0,39.0,473.0,179.0,72.0
747,401.0,160.0,144.0,40.0,473.0,180.0,72.0
748,401.0,160.0,144.0,41.0,473.0,180.0,72.0
749,401.0,160.0,143.0,41.0,472.0,180.0,71.0
750,401.0,160.0,143.0,42.0,472.0,181.0,71.0
751,401.0,159.0,142.0,44.0,472.0,181.0,71.0
752,401.0,159.0,142.0,44.0,472.0,181.0,71.0
753,401.0,158.0,142.0,45.0,472.0,180.0,71.0
754,400.0,157.0,143.0,45.0,471.0,179.0,71.0
755,400.0,156.0,143.0,46.0,471.0,179.0,71.0
756,400.0,155.0,144.0,47.0,472.0,178.0,72.0
757,400.0,155.0,144.0,47.0,472.0,178.0,72.0
758,399.0,154.0,145.0,48.0,471.0,178.0,72.0
759,399.0,153.0,145.0,49.0,471.0,177.0,72.0
760,399.0,152.0,145.0,49.0,471.0,176.0,72.0
761,398.0,151.0,145.0,49.0,470.0,175.0,72.0
762,398.0,150.0,144.0,50.0,470.0,175.0,72.0
763,397.0,149.0,145.0,50.0,469.0,174.0,72.0
764,397.0,148.0,144.0,50.0,469.0,173.0,72.0
765,396.0,147.0,144.0,50.0,468.0,172.0,72.0
766,396.0,146.0,143.0,50.0,467.0,171.0,71.0
767,395.0,145.0,143.0,50.0,466.0,170.0,71.0
768,395.0,144.0,143.0,50.0,466.0,169.0,71.0
769,394.0,142.0,143.0,51.0,465.0,167.0,71.0
770,393.0,141.0,143.0,51.0,464.0,166.0,71.0
771,393.0,141.0,142.0,51.0,464.0,166.0,71.0
772,392.0,140.0,142.0,53.0,463.0,166.0,71.0
773,391.0,140.0,142.0,53.0,462.0,166.0,71.0
774,390.0,139.0,142.0,55.0,461.0,166.0,71.0
775,389.0,138.0,142.0,56.0,460.0,166.0,71.0
776,388.0,138.0,142.0,56.0,459.0,166.0,71.0
777,387.0,137.0,142.0,58.0,458.0,166.0,71.0
778,387.0,137.0,141.0,58.0,457.0,166.0,70.0
779,386.0,136.0,141.0,59.0,456.0,165.0,70.0
780,385.0,135.0,141.0,61.0,455.0,165.0,70.0
781,385.0,135.0,141.0,61.0,455.0,165.0,70.0
782,385.0,135.0,140.0,62.0,455.0,166.0,70.0
783,385.0,135.0,139.0,62.0,454.0,166.0,69.0
784,385.0,135.0,138.0,63.0,454.0,166.0,69.0
785,385.0,134.0,137.0,64.0,453.0,166.0,68.0
786,385.0,134.0,136.0,65.0,453.0,166.0,68.0
787,384.0,134.0,136.0,65.0,452.0,166.0,68.0
788,384.0,134.0,135.0,65.0,451.0,166.0,67.0
789,384.0,133.0,135.0,67.0,451.0,166.0,67.0
790,384.0,133.0,134.0,67.0,451.0,166.0,67.0
791,384.0,133.0,134.0,67.0,451.0,166.0,67.0
792,384.0,132.0,133.0,69.0,450.0,166.0,66.0
793,384.0,132.0,133.0,69.0,450.0,166.0,66.0
794,384.0,132.0,132.0,69.0,450.0,166.0,66.0
795,384.0,132.0,132.0,69.0,450.0,166.0,66.0
796,384.0,131.0,131.0,71.0,449.0,166.0,65.0
797,385.0,131.0,131.0,71.0,450.0,166.0,65.0
798,385.0,131.0,132.0,72.0,451.0,167.0,66.0
799,386.0,130.0,131.0,73.0,451.0,166.0,65.0
800,387.0,130.0,131.0,74.0,452.0,167.0,65.0
801,388.0,130.0,130.0,74.0,453.0,167.0,65.0
802,389.0,129.0,130.0,76.0,454.0,167.0,65.0
803,390.0,129.0,130.0,76.0,455.0,167.0,65.0
804,390.0,129.0,130.0,77.0,455.0,167.0,65.0
805,391.0,129.0,130.0,77.0,456.0,167.0,65.0
806,392.0,128.0,129.0,78.0,456.0,167.0,64.0
807,393.0,127.0,128.0,79.0,457.0,166.0,64.0
808,394.0,127.0,127.0,79.0,457.0,166.0,63.0
809,395.0,126.0,126.0,79.0,458.0,165.0,63.0
810,396.0,126.0,125.0,79.0,458.0,165.0,62.0
811,396.0,125.0,125.0,80.0,458.0,165.0,62.0
812,397.0,124.0,124.0,81.0,459.0,164.0,62.0
813,398.0,124.0,123.0,80.0,459.0,164.0,61.0
814,399.0,123.0,123.0,81.0,460.0,163.0,61.0
815,400.0,123.0,122.0,81.0,461.0,163.0,61.0
816,401.0,122.0,121.0,82.0,461.0,163.0,60.0
817,402.0,122.0,120.0,81.0,462.0,162.0,60.0
818,403.0,121.0,119.0,82.0,462.0,162.0,59.0
819,404.0,120.0,118.0,83.0,463.0,161.0,59.0
820,404.0,120.0,118.0,83.0,463.0,161.0,59.0
821,405.0,119.0,117.0,84.0,463.0,161.0,58.0
822,406.0,119.0,116.0,83.0,464.0,160.0,58.0
823,406.0,119.0,116.0,83.0,464.0,160.0,58.0
824,406.0,119.0,116.0,83.0,464.0,160.0,58.0
825,407.0,119.0,114.0,82.0,464.0,160.0,57.0
826,407.0,119.0,114.0,82.0,464.0,160.0,57.0
827,407.0,119.0,113.0,81.0,463.0,159.0,56.0
828,407.0,119.0,113.0,81.0,463.0,159.0,56.0
829,407.0,120.0,113.0,80.0,463.0,160.0,56.0
830,407.0,120.0,113.0,79.0,463.0,159.0,56.0
831,407.0,120.0,112.0,79.0,463.0,159.0,56.0
832,408.0,119.0,110.0,80.0,463.0,159.0,55.0
833,409.0,118.0,107.0,82.0,462.0,159.0,53.0
834,410.0,118.0,104.0,82.0,462.0,159.0,52.0
835,411.0,117.0,102.0,84.0,462.0,159.0,51.0
836,412.0,116.0,99.0,85.0,461.0,158.0,49.0
837,413.0,116.0,97.0,86.0,461.0,159.0,48.0
838,413.0,115.0,95.0,87.0,460.0,158.0,47.0
839,414.0,114.0,93.0,88.0,460.0,158.0,46.0
840,415.0,114.0,90.0,89.0,460.0,158.0,45.0
841,415.0,113.0,90.0,90.0,460.0,158.0,45.0
842,416.0,112.0,89.0,92.0,460.0,158.0,46.0
843,416.0,111.0,89.0,93.0,460.0,157.0,46.0
844,416.0,110.0,89.0,94.0,460.0,157.0,47.0
845,417.0,109.0,89.0,96.0,461.0,157.0,48.0
846,417.0,108.0,89.0,97.0,461.0,156.0,48.0
847,417.0,107.0,89.0,98.0,461.0,156.0,49.0
848,418.0,106.0,88.0,100.0,462.0,156.0,50.0
849,418.0,105.0,88.0,101.0,462.0,155.0,50.0
850,419.0,105.0,87.0,100.0,462.0,155.0,50.0
851,419.0,104.0,87.0,101.0,462.0,154.0,50.0
852,420.0,103.0,85.0,101.0,462.0,153.0,50.0
853,420.0,102.0,85.0,101.0,462.0,152.0,50.0
854,421.0,101.0,84.0,102.0,463.0,152.0,51.0
855,421.0,100.0,84.0,102.0,463.0,151.0,51.0
856,422.0,100.0,83.0,101.0,463.0,150.0,50.0
857,422.0,99.0,83.0,101.0,463.0,149.0,50.0
858,423.0,98.0,82.0,102.0,464.0,149.0,51.0
859,423.0,97.0,82.0,102.0,464.0,148.0,51.0
860,424.0,96.0,80.0,102.0,464.0,147.0,51.0
861,424.0,95.0,80.0,103.0,464.0,146.0,51.0
862,425.0,95.0,79.0,102.0,464.0,146.0,51.0
863,425.0,94.0,78.0,103.0,464.0,145.0,51.0
864,426.0,94.0,76.0,104.0,464.0,146.0,52.0
865,426.0,93.0,74.0,105.0,463.0,145.0,52.0
866,427.0,92.0,72.0,106.0,463.0,145.0,53.0
867,428.0,92.0,70.0,107.0,463.0,145.0,53.0
868,428.0,91.0,68.0,108.0,462.0,145.0,54.0
869,429.0,91.0,66.0,109.0,462.0,145.0,54.0
870,429.0,90.0,65.0,110.0,461.0,145.0,55.0
871,430.0,90.0,63.0,110.0,461.0,145.0,55.0
872,430.0,89.0,61.0,112.0,460.0,145.0,56.0
873,431.0,89.0,59.0,112.0,460.0,145.0,56.0
874,431.0,88.0,58.0,113.0,460.0,144.0,56.0
875,432.0,88.0,55.0,114.0,459.0,145.0,57.0
876,432.0,88.0,52.0,116.0,458.0,146.0,58.0
877,432.0,88.0,50.0,117.0,457.0,146.0,58.0
878,432.0,89.0,48.0,117.0,456.0,147.0,58.0
879,432.0,89.0,46.0,118.0,455.0,148.0,59.0
880,432.0,89.0,43.0,119.0,453.0,148.0,59.0
881,432.0,89.0,41.0,120.0,452.0,149.0,60.0
882,432.0,89.0,39.0,121.0,451.0,149.0,60.0
883,432.0,89.0,37.0,122.0,450.0,150.0,61.0
884,432.0,90.0,34.0,122.0,449.0,151.0,61.0
885,432.0,90.0,32.0,123.0,448.0,151.0,61.0
886,432.0,90.0,30.0,124.0,447.0,152.0,62.0
887,431.0,90.0,31.0,125.0,446.0,152.0,62.0
888,430.0,91.0,33.0,124.0,446.0,153.0,62.0
889,429.0,91.0,34.0,124.0,446.0,153.0,62.0
890,427.0,91.0,37.0,125.0,445.0,153.0,62.0
891,426.0,92.0,38.0,124.0,445.0,154.0,62.0
892,425.0,92.0,39.0,124.0,444.0,154.0,62.0
893,424.0,92.0,41.0,125.0,444.0,154.0,62.0
894,423.0,93.0,42.0,124.0,444.0,155.0,62.0
895,422.0,93.0,44.0,124.0,444.0,155.0,62.0
896,420.0,93.0,46.0,125.0,443.0,155.0,62.0
897,419.0,94.0,48.0,124.0,443.0,156.0,62.0
898,418.0,94.0,49.0,124.0,442.0,156.0,62.0
899,417.0,94.0,50.0,124.0,442.0,156.0,62.0
900,416.0,94.0,51.0,124.0,441.0,156.0,62.0
901,415.0,94.0,52.0,123.0,441.0,155.0,61.0
902,414.0,95.0,52.0,122.0,440.0,156.0,61.0
903,414.0,95.0,52.0,121.0,440.0,155.0,60.0
904,413.0,95.0,53.0,121.0,439.0,155.0,60.0
905,412.0,95.0,54.0,121.0,439.0,155.0,60.0
906,411.0,95.0,55.0,120.0,438.0,155.0,60.0
907,410.0,95.0,56.0,120.0,438.0,155.0,60.0
908,409.0,95.0,56.0,120.0,437.0,155.0,60.0
909,408.0,96.0,57.0,118.0,436.0,155.0,59.0
910,407.0,96.0,58.0,118.0,436.0,155.0,59.0
911,406.0,96.0,59.0,118.0,435.0,155.0,59.0
912,405.0,96.0,60.0,117.0,435.0,154.0,58.0
913,405.0,96.0,60.0,117.0,435.0,154.0,58.0
914,404.0,97.0,62.0,116.0,435.0,155.0,58.0
915,403.0,97.0,63.0,116.0,434.0,155.0,58.0
916,402.0,97.0,64.0,116.0,434.0,155.0,58.0
917,401.0,97.0,66.0,115.0,434.0,154.0,57.0
918,401.0,98.0,66.0,114.0,434.0,155.0,57.0
919,400.0,98.0,67.0,114.0,433.0,155.0,57.0
920,399.0,98.0,69.0,114.0,433.0,155.0,57.0
921,398.0,98.0,70.0,114.0,433.0,155.0,57.0
922,397.0,99.0,71.0,112.0,432.0,155.0,56.0
923,397.0,99.0,72.0,112.0,433.0,155.0,56.0
924,396.0,99.0,73.0,112.0,432.0,155.0,56.0
925,395.0,99.0,74.0,111.0,432.0,154.0,55.0
926,395.0,99.0,74.0,111.0,432.0,154.0,55.0
927,394.0,99.0,76.0,110.0,432.0,154.0,55.0
928,393.0,99.0,77.0,110.0,431.0,154.0,55.0
929,393.0,99.0,77.0,109.0,431.0,153.0,54.0
930,392.0,99.0,79.0,109.0,431.0,153.0,54.0
931,392.0,99.0,79.0,108.0,431.0,153.0,54.0
932,391.0,99.0,80.0,108.0,431.0,153.0,54.0
933,390.0,99.0,81.0,107.0,430.0,152.0,53.0
934,390.0,99.0,82.0,107.0,431.0,152.0,53.0
935,389.0,99.0,83.0,106.0,430.0,152.0,53.0
936,389.0,100.0,83.0,105.0,430.0,152.0,52.0
937,388.0,100.0,85.0,104.0,430.0,152.0,52.0
938,387.0,100.0,86.0,104.0,430.0,152.0,52.0
939,387.0,100.0,86.0,103.0,430.0,151.0,51.0
940,386.0,100.0,88.0,103.0,430.0,151.0,51.0
941,385.0,100.0,89.0,102.0,429.0,151.0,51.0
942,386.0,99.0,87.0,103.0,429.0,150.0,51.0
943,386.0,98.0,86.0,104.0,429.0,150.0,52.0
944,386.0,97.0,86.0,104.0,429.0,149.0,52.0
945,386.0,96.0,85.0,105.0,428.0,148.0,52.0
946,387.0,95.0,83.0,105.0,428.0,147.0,52.0
947,387.0,94.0,82.0,106.0,428.0,147.0,53.0
948,387.0,93.0,82.0,107.0,428.0,146.0,53.0
949,387.0,92.0,81.0,107.0,427.0,145.0,53.0
950,387.0,91.0,80.0,108.0,427.0,145.0,54.0
951,388.0,90.0,78.0,109.0,427.0,144.0,54.0
952,388.0,90.0,78.0,108.0,427.0,144.0,54.0
953,388.0,89.0,77.0,109.0,426.0,143.0,54.0
954,388.0,88.0,76.0,110.0,426.0,143.0,55.0
955,388.0,88.0,76.0,109.0,426.0,142.0,54.0
956,388.0,88.0,76.0,109.0,426.0,142.0,54.0
957,388.0,88.0,77.0,109.0,426.0,142.0,54.0
958,388.0,88.0,77.0,109.0,426.0,142.0,54.0
959,388.0,87.0,77.0,110.0,426.0,142.0,55.0
960,387.0,87.0,78.0,110.0,426.0,142.0,55.0
961,387.0,87.0,78.0,110.0,426.0,142.0,55.0
962,387.0,87.0,78.0,110.0,426.0,142.0,55.0
963,387.0,87.0,78.0,110.0,426.0,142.0,55.0
964,387.0,87.0,79.0,110.0,426.0,142.0,55.0
965,387.0,87.0,79.0,109.0,426.0,141.0,54.0
966,387.0,87.0,79.0,109.0,426.0,141.0,54.0
967,387.0,87.0,79.0,109.0,426.0,141.0,54.0
968,388.0,88.0,79.0,108.0,427.0,142.0,54.0
969,388.0,88.0,80.0,108.0,428.0,142.0,54.0
970,389.0,88.0,79.0,108.0,428.0,142.0,54.0
971,389.0,88.0,80.0,108.0,429.0,142.0,54.0
972,390.0,88.0,79.0,108.0,429.0,142.0,54.0
973,390.0,89.0,80.0,107.0,430.0,142.0,53.0
974,391.0,89.0,79.0,107.0,430.0,142.0,53.0
975,391.0,89.0,80.0,107.0,431.0,142.0,53.0
976,392.0,89.0,79.0,107.0,431.0,142.0,53.0
977,392.0,89.0,80.0,107.0,432.0,142.0,53.0
978,393.0,90.0,80.0,106.0,433.0,143.0,53.0
979,393.0,90.0,80.0,106.0,433.0,143.0,53.0
980,394.0,90.0,79.0,106.0,433.0,143.0,53.0
981,394.0,90.0,80.0,106.0,434.0,143.0,53.0
982,394.0,90.0,80.0,106.0,434.0,143.0,53.0
983,394.0,90.0,80.0,106.0,434.0,143.0,53.0
984,394.0,91.0,80.0,106.0,434.0,144.0,53.0
985,394.0,91.0,80.0,106.0,434.0,144.0,53.0
986,394.0,91.0,81.0,106.0,434.0,144.0,53.0
987,394.0,91.0,81.0,106.0,434.0,144.0,53.0
988,394.0,91.0,81.0,106.0,434.0,144.0,53.0
989,394.0,91.0,81.0,106.0,434.0,144.0,53.0
990,394.0,91.0,82.0,106.0,435.0,144.0,53.0
991,394.0,92.0,82.0,105.0,435.0,144.0,52.0
992,394.0,92.0,82.0,105.0,435.0,144.0,52.0
993,394.0,92.0,82.0,105.0,435.0,144.0,52.0
994,394.0,92.0,82.0,105.0,435.0,144.0,52.0
995,394.0,92.0,82.0,105.0,435.0,144.0,52.0
996,394.0,92.0,82.0,105.0,435.0,144.0,52.0
997,393.0,92.0,83.0,105.0,434.0,144.0,52.0
998,393.0,92.0,83.0,105.0,434.0,144.0,52.0
999,393.0,92.0,82.0,106.0,434.0,145.0,53.0
1000,393.0,92.0,82.0,106.0,434.0,145.0,53.0
1001,393.0,92.0,82.0,106.0,434.0,145.0,53.0
1002,392.0,92.0,83.0,106.0,433.0,145.0,53.0
1003,392.0,92.0,83.0,106.0,433.0,145.0,53.0
1004,392.0,92.0,83.0,106.0,433.0,145.0,53.0
1005,392.0,92.0,83.0,106.0,433.0,145.0,53.0
1006,392.0,92.0,83.0,106.0,433.0,145.0,53.0
1007,391.0,93.0,83.0,105.0,432.0,145.0,52.0
1008,392.0,92.0,83.0,106.0,433.0,145.0,53.0
1009,392.0,92.0,83.0,106.0,433.0,145.0,53.0
1010,392.0,92.0,83.0,106.0,433.0,145.0,53.0
1011,392.0,92.0,83.0,106.0,433.0,145.0,53.0
1012,393.0,92.0,82.0,105.0,434.0,144.0,52.0
1013,393.0,92.0,82.0,105.0,434.0,144.0,52.0
1014,393.0,92.0,82.0,105.0,434.0,144.0,52.0
1015,393.0,92.0,82.0,105.0,434.0,144.0,52.0
1016,394.0,91.0,81.0,106.0,434.0,144.0,53.0
1017,394.0,91.0,81.0,105.0,434.0,143.0,52.0
1018,394.0,91.0,81.0,105.0,434.0,143.0,52.0
1019,394.0,91.0,81.0,105.0,434.0,143.0,52.0
1020,394.0,91.0,81.0,105.0,434.0,143.0,52.0
1021,394.0,92.0,82.0,104.0,435.0,144.0,52.0
1022,394.0,92.0,82.0,104.0,435.0,144.0,52.0
1023,394.0,93.0,83.0,103.0,435.0,144.0,51.0
1024,394.0,93.0,84.0,103.0,436.0,144.0,51.0
1025,394.0,94.0,84.0,102.0,436.0,145.0,51.0
1026,394.0,94.0,85.0,102.0,436.0,145.0,51.0
1027,394.0,95.0,86.0,101.0,437.0,145.0,50.0
1028,394.0,95.0,86.0,101.0,437.0,145.0,50.0
1029,394.0,96.0,87.0,100.0,437.0,146.0,50.0
1030,394.0,96.0,88.0,100.0,438.0,146.0,50.0
1031,394.0,97.0,88.0,99.0,438.0,146.0,49.0
1032,394.0,97.0,89.0,99.0,438.0,146.0,49.0
1033,393.0,98.0,90.0,98.0,438.0,147.0,49.0
1034,393.0,98.0,91.0,98.0,438.0,147.0,49.0
1035,392.0,99.0,92.0,96.0,438.0,147.0,48.0
1036,391.0,99.0,93.0,95.0,437.0,146.0,47.0
1037,390.0,100.0,95.0,93.0,437.0,146.0,47.0
1038,389.0,100.0,96.0,93.0,437.0,146.0,48.0
1039,388.0,101.0,97.0,91.0,436.0,146.0,48.0
1040,387.0,101.0,98.0,90.0,436.0,146.0,49.0
1041,386.0,102.0,100.0,89.0,436.0,146.0,50.0
1042,385.0,102.0,101.0,88.0,435.0,146.0,50.0
1043,384.0,103.0,102.0,86.0,435.0,146.0,51.0
1044,383.0,103.0,104.0,85.0,435.0,145.0,52.0
1045,382.0,103.0,105.0,85.0,434.0,145.0,52.0
1046,381.0,104.0,106.0,83.0,434.0,145.0,53.0
1047,380.0,104.0,108.0,82.0,434.0,145.0,54.0
1048,379.0,105.0,109.0,80.0,433.0,145.0,54.0
1049,378.0,105.0,111.0,79.0,433.0,144.0,55.0
1050,376.0,105.0,113.0,79.0,432.0,144.0,56.0
1051,375.0,106.0,115.0,77.0,432.0,144.0,57.0
1052,374.0,106.0,116.0,76.0,432.0,144.0,58.0
1053,373.0,107.0,118.0,74.0,432.0,144.0,59.0
1054,372.0,107.0,119.0,73.0,431.0,143.0,59.0
1055,371.0,107.0,121.0,72.0,431.0,143.0,60.0
1056,370.0,108.0,122.0,70.0,431.0,143.0,61.0
1057,369.0,108.0,124.0,69.0,431.0,142.0,62.0
1058,369.0,109.0,124.0,67.0,431.0,142.0,62.0
1059,369.0,110.0,124.0,65.0,431.0,142.0,62.0
1060,368.0,110.0,126.0,65.0,431.0,142.0,63.0
1061,368.0,111.0,126.0,63.0,431.0,142.0,63.0
1062,368.0,112.0,126.0,61.0,431.0,142.0,63.0
1063,367.0,112.0,128.0,60.0,431.0,142.0,64.0
1064,367.0,113.0,128.0,58.0,431.0,142.0,64.0
1065,367.0,114.0,128.0,56.0,431.0,142.0,64.0
1066,366.0,114.0,130.0,55.0,431.0,141.0,65.0
1067,366.0,115.0,130.0,53.0,431.0,141.0,65.0
1068,366.0,116.0,130.0,51.0,431.0,141.0,65.0
1069,365.0,117.0,132.0,49.0,431.0,141.0,66.0
1070,365.0,117.0,132.0,49.0,431.0,141.0,66.0
1071,365.0,118.0,132.0,47.0,431.0,141.0,66.0
1072,365.0,118.0,133.0,47.0,431.0,141.0,66.0
1073,365.0,119.0,133.0,46.0,431.0,142.0,66.0
1074,365.0,119.0,133.0,46.0,431.0,142.0,66.0
1075,365.0,120.0,134.0,44.0,432.0,142.0,67.0
1076,365.0,120.0,134.0,44.0,432.0,142.0,67.0
1077,365.0,121.0,134.0,43.0,432.0,142.0,67.0
1078,365.0,121.0,135.0,43.0,432.0,142.0,67.0
1079,365.0,122.0,135.0,41.0,432.0,142.0,67.0
1080,365.0,122.0,135.0,41.0,432.0,142.0,67.0
1081,365.0,123.0,136.0,40.0,433.0,143.0,68.0
1082,365.0,123.0,136.0,40.0,433.0,143.0,68.0
1083,365.0,124.0,136.0,38.0,433.0,143.0,68.0
1084,364.0,124.0,137.0,38.0,432.0,143.0,68.0
1085,364.0,125.0,138.0,37.0,433.0,143.0,69.0
1086,364.0,126.0,138.0,36.0,433.0,144.0,69.0
1087,363.0,127.0,139.0,34.0,432.0,144.0,69.0
1088,363.0,128.0,139.0,33.0,432.0,144.0,69.0
1089,363.0,130.0,139.0,31.0,432.0,145.0,69.0
1090,362.0,131.0,140.0,30.0,432.0,146.0,70.0
1091,361.0,135.0,141.0,27.0,431.0,148.0,70.0
1092,361.0,139.0,142.0,25.0,432.0,151.0,71.0
1093,360.0,142.0,141.0,25.0,430.0,154.0,70.0
1094,358.0,145.0,142.0,25.0,429.0,157.0,71.0
1095,357.0,147.0,142.0,25.0,428.0,159.0,71.0
1096,355.0,149.0,143.0,25.0,426.0,161.0,71.0
1097,353.0,151.0,144.0,26.0,425.0,164.0,72.0
1098,351.0,153.0,145.0,26.0,423.0,166.0,72.0
1099,348.0,152.0,146.0,28.0,421.0,166.0,73.0
1100,346.0,151.0,146.0,30.0,419.0,166.0,73.0
1101,343.0,151.0,147.0,32.0,416.0,167.0,73.0
1102,340.0,150.0,148.0,34.0,414.0,167.0,74.0
1103,334.0,149.0,150.0,35.0,409.0,166.0,75.0
1104,328.0,147.0,152.0,37.0,404.0,165.0,76.0
1105,323.0,146.0,153.0,38.0,399.0,165.0,76.0
1106,317.0,145.0,155.0,39.0,394.0,164.0,77.0
1107,311.0,143.0,157.0,41.0,389.0,163.0,78.0
1108,305.0,142.0,160.0,42.0,385.0,163.0,80.0
1109,298.0,140.0,163.0,45.0,379.0,162.0,81.0
1110,292.0,139.0,165.0,46.0,374.0,162.0,82.0
1111,286.0,137.0,167.0,49.0,369.0,161.0,83.0
1112,279.0,135.0,170.0,51.0,364.0,160.0,85.0
1113,276.0,134.0,169.0,58.0,360.0,163.0,84.0
1114,274.0,132.0,166.0,67.0,357.0,165.0,83.0
1115,271.0,131.0,164.0,74.0,353.0,168.0,82.0
1116,271.0,127.0,158.0,85.0,350.0,169.0,79.0
1117,271.0,123.0,153.0,96.0,347.0,171.0,76.0
1118,271.0,119.0,147.0,107.0,344.0,172.0,73.0
1119,270.0,119.0,142.0,117.0,341.0,177.0,71.0
1120,270.0,118.0,136.0,127.0,338.0,181.0,68.0
1121,269.0,117.0,131.0,137.0,334.0,185.0,68.0
1122,271.0,117.0,124.0,146.0,333.0,190.0,73.0
1123,274.0,118.0,117.0,154.0,332.0,195.0,77.0
1124,276.0,118.0,110.0,163.0,331.0,199.0,81.0
1125,278.0,118.0,103.0,172.0,329.0,204.0,86.0
1126,281.0,123.0,98.0,178.0,330.0,212.0,89.0
1127,284.0,129.0,93.0,183.0,330.0,220.0,91.0
1128,286.0,134.0,88.0,190.0,330.0,229.0,95.0
1129,289.0,139.0,83.0,196.0,330.0,237.0,98.0
1130,287.0,146.0,86.0,200.0,330.0,246.0,100.0
1131,285.0,152.0,90.0,204.0,330.0,254.0,102.0
1132,290.0,162.0,97.0,197.0,338.0,260.0,98.0
1133,291.0,171.0,95.0,188.0,338.0,265.0,94.0
1134,293.0,181.0,92.0,178.0,339.0,270.0,89.0
1135,293.0,188.0,89.0,171.0,337.0,273.0,85.0
1136,294.0,195.0,86.0,164.0,337.0,277.0,82.0
1137,295.0,201.0,82.0,157.0,336.0,279.0,78.0
